RegionName,State,Metro,homeindex
Callahan,TX,Abilene,121000
Lenawee,MI,Adrian,130000
Portage,OH,Akron,149100
Summit,OH,Akron,124600
Albany,NY,Albany,212600
Dougherty,GA,Albany,78500
Lee,GA,Albany,140600
Linn,OR,Albany,196700
Rensselaer,NY,Albany,170300
Saratoga,NY,Albany,252300
Stanly,NC,Albemarle,127600
Bernalillo,NM,Albuquerque,186100
Sandoval,NM,Albuquerque,170100
Valencia,NM,Albuquerque,121400
Rapides,LA,Alexandria,145400
Jim Wells,TX,Alice,86700
Carbon,PA,Allentown,135500
Lehigh,PA,Allentown,183000
Northampton,PA,Allentown,185800
Warren,NJ,Allentown,215600
Blair,PA,Altoona,111700
Schley,GA,Americus,132800
Montgomery,NY,Amsterdam,96100
Anchorage,AK,Anchorage,292100
Steuben,IN,Angola,150800
Washtenaw,MI,Ann Arbor,246200
Calumet,WI,Appleton,144800
Outagamie,WI,Appleton,158100
De Soto,FL,Arcadia,115000
Carter,OK,Ardmore,93700
Buncombe,NC,Asheville,244000
Haywood,NC,Asheville,148300
Henderson,NC,Asheville,219700
Ashtabula,OH,Ashtabula,85000
Clarke,GA,Athens,140400
Henderson,TX,Athens,148000
McMinn,TN,Athens,131200
Oglethorpe,GA,Athens,133100
Barrow,GA,Atlanta,145800
Bartow,GA,Atlanta,133000
Butts,GA,Atlanta,89600
Carroll,GA,Atlanta,121300
Cherokee,GA,Atlanta,214100
Cobb,GA,Atlanta,224100
Coweta,GA,Atlanta,176400
Dekalb,GA,Atlanta,162500
Douglas,GA,Atlanta,134700
Fayette,GA,Atlanta,253900
Forsyth,GA,Atlanta,289800
Fulton,GA,Atlanta,232500
Gwinnett,GA,Atlanta,195000
Haralson,GA,Atlanta,97500
Henry,GA,Atlanta,153500
Jasper,GA,Atlanta,99200
Meriwether,GA,Atlanta,68200
Morgan,GA,Atlanta,213900
Newton,GA,Atlanta,126700
Paulding,GA,Atlanta,153000
Pickens,GA,Atlanta,158100
Pike,GA,Atlanta,135300
Rockdale,GA,Atlanta,134400
Spalding,GA,Atlanta,88200
Walton,GA,Atlanta,157200
De Kalb,IN,Auburn,121300
Columbia,GA,Augusta,170500
Edgefield,SC,Augusta,113500
McDuffie,GA,Augusta,71000
Richmond,GA,Augusta,81100
Hays,TX,Austin,216700
Mower,MN,Austin,94200
Travis,TX,Austin,301000
Williamson,TX,Austin,236500
Decatur,GA,Bainbridge,93700
Kern,CA,Bakersfield,189000
Anne Arundel,MD,Baltimore,338300
Baltimore,MD,Baltimore,232300
Baltimore City,MD,Baltimore,119300
Carroll,MD,Baltimore,304300
Harford,MD,Baltimore,260500
Howard,MD,Baltimore,429800
Queen Annes,MD,Baltimore,309600
Sauk,WI,Baraboo,175900
Washington,VT,Barre,210200
Washington,OK,Bartlesville,101600
Genesee,NY,Batavia,111600
Independence,AR,Batesville,99900
Ascension,LA,Baton Rouge,205300
East Baton Rouge,LA,Baton Rouge,157200
East Feliciana,LA,Baton Rouge,140200
Iberville,LA,Baton Rouge,116000
Livingston,LA,Baton Rouge,170200
Saint Helena,LA,Baton Rouge,131300
West Baton Rouge,LA,Baton Rouge,187100
West Feliciana,LA,Baton Rouge,232000
Calhoun,MI,Battle Creek,98000
Bay,MI,Bay City,87800
Matagorda,TX,Bay City,136800
Lawrence,IN,Bedford,84100
Bee,TX,Beeville,98000
Whatcom,WA,Bellingham,325000
Deschutes,OR,Bend,342400
Bennington,VT,Bennington,182800
Coos,NH,Berlin,116500
Mecosta,MI,Big Rapids,101900
Howard,TX,Big Spring,94000
Yellowstone,MT,Billings,203900
Broome,NY,Binghamton,99900
Tioga,NY,Binghamton,108900
Jefferson,AL,Birmingham,111300
Saint Clair,AL,Birmingham,158800
Shelby,AL,Birmingham,190300
Walker,AL,Birmingham,85300
Burleigh,ND,Bismarck,261600
Morton,ND,Bismarck,203600
Dewitt,IL,Bloomington,79900
Monroe,IN,Bloomington,158800
Owen,IN,Bloomington,92300
Washington,LA,Bogalusa,112800
Ada,ID,Boise City,212700
Boise,ID,Boise City,148500
Canyon,ID,Boise City,148600
Gem,ID,Boise City,171700
Hutchinson,TX,Borger,71900
Essex,MA,Boston,391100
Middlesex,MA,Boston,479700
Norfolk,MA,Boston,447800
Plymouth,MA,Boston,348600
Rockingham,NH,Boston,299400
Strafford,NH,Boston,217800
Suffolk,MA,Boston,493500
Boulder,CO,Boulder,482800
Warren,KY,Bowling Green,160700
McKean,PA,Bradford,73700
Washington,TX,Brenham,158700
Lincoln,MS,Brookhaven,109900
Cameron,TX,Brownsville,78300
Brown,TX,Brownwood,84700
Glynn,GA,Brunswick,181200
Niagara,NY,Buffalo,125100
Alamance,NC,Burlington,133200
Chittenden,VT,Burlington,278800
Franklin,VT,Burlington,211600
Gordon,GA,Calhoun,119600
Saint Marys,MD,California-Lexington Park,262400
Dorchester,MD,Cambridge,133100
Stark,OH,Canton,118400
Barnstable,MA,Cape Cod,377000
Cape Girardeau,MO,Cape Girardeau,147300
Carson City,NV,Carson City,258000
Natrona,WY,Casper,184700
Linn,IA,Cedar Rapids,132400
Polk,GA,Cedartown,84200
Lewis,WA,Centralia,179800
Franklin,PA,Chambersburg,166700
Champaign,IL,Champaign-Urbana,134500
Berkeley,SC,Charleston,173200
Coles,IL,Charleston,83900
Dorchester,SC,Charleston,181700
Kanawha,WV,Charleston,92100
Cabarrus,NC,Charlotte,167800
Gaston,NC,Charlotte,121900
Iredell,NC,Charlotte,155300
Lancaster,SC,Charlotte,145200
Lincoln,NC,Charlotte,135600
Mecklenburg,NC,Charlotte,195100
Rowan,NC,Charlotte,137500
Union,NC,Charlotte,208900
York,SC,Charlotte,170900
Albemarle,VA,Charlottesville,307000
Fluvanna,VA,Charlottesville,202800
Catoosa,GA,Chattanooga,126900
Hamilton,TN,Chattanooga,153500
Marion,TN,Chattanooga,114200
Walker,GA,Chattanooga,96800
Laramie,WY,Cheyenne,199900
Cook,IL,Chicago,208900
DeKalb,IL,Chicago,155400
Du Page,IL,Chicago,276600
Grundy,IL,Chicago,176900
Jasper,IN,Chicago,144900
Kane,IL,Chicago,212600
Kendall,IL,Chicago,220200
Kenosha,WI,Chicago,158400
Lake,IL,Chicago,232800
Lake,IN,Chicago,127200
McHenry,IL,Chicago,199600
Newton,IN,Chicago,113100
Porter,IN,Chicago,167900
Will,IL,Chicago,201200
Butte,CA,Chico,260100
Boone,KY,Cincinnati,177600
Brown,OH,Cincinnati,115000
Butler,OH,Cincinnati,155500
Campbell,KY,Cincinnati,143600
Dearborn,IN,Cincinnati,153300
Hamilton,OH,Cincinnati,131400
Kenton,KY,Cincinnati,140500
Union,IN,Cincinnati,88100
Warren,OH,Cincinnati,197900
Grafton,NH,Claremont,184500
Orange,VT,Claremont,180800
Sullivan,NH,Claremont,165700
Windsor,VT,Claremont,187900
Coahoma,MS,Clarksdale,71200
Montgomery,TN,Clarksville,143300
Bolivar,MS,Cleveland,120500
Bradley,TN,Cleveland,127800
Cuyahoga,OH,Cleveland,114800
Lake,OH,Cleveland,138700
Lorain,OH,Cleveland,129300
Medina,OH,Cleveland,179500
Hendry,FL,Clewiston,113200
Branch,MI,Coldwater,113200
Brazos,TX,College Station,184500
Robertson,TX,College Station,73200
El Paso,CO,Colorado Springs,246800
Teller,CO,Colorado Springs,245600
Boone,MO,Columbia,152800
Lexington,SC,Columbia,135800
Richland,SC,Columbia,130000
Bartholomew,IN,Columbus,135900
Fairfield,OH,Columbus,165900
Franklin,OH,Columbus,148500
Hocking,OH,Columbus,124100
Lowndes,MS,Columbus,118400
Madison,OH,Columbus,146500
Muscogee,GA,Columbus,91200
Perry,OH,Columbus,92700
Pickaway,OH,Columbus,157600
Merrimack,NH,Concord,221100
Fayette,IN,Connersville,62100
Putnam,TN,Cookeville,138800
Coos,OR,Coos Bay,179200
Alcorn,MS,Corinth,101400
Habersham,GA,Cornelia,131600
Steuben,NY,Corning,87300
Aransas,TX,Corpus Christi,195500
Cortland,NY,Cortland,103900
Benton,OR,Corvallis,313600
Coshocton,OH,Coshocton,93100
Moffat,CO,Craig,160200
Montgomery,IN,Crawfordsville,105500
Okaloosa,FL,Crestview-Fort Walton Beach-Destin,201500
Walton,FL,Crestview-Fort Walton Beach-Destin,316800
Cumberland,TN,Crossville,91100
Allegany,MD,Cumberland,76200
Collin,TX,Dallas-Fort Worth,305000
Dallas,TX,Dallas-Fort Worth,171100
Denton,TX,Dallas-Fort Worth,258600
Ellis,TX,Dallas-Fort Worth,177500
Hood,TX,Dallas-Fort Worth,193000
Hunt,TX,Dallas-Fort Worth,90100
Johnson,TX,Dallas-Fort Worth,163500
Kaufman,TX,Dallas-Fort Worth,177400
Parker,TX,Dallas-Fort Worth,215000
Rockwall,TX,Dallas-Fort Worth,253100
Tarrant,TX,Dallas-Fort Worth,177800
Whitfield,GA,Dalton,116700
Pittsylvania,VA,Danville,124000
Baldwin,AL,Daphne,201000
Henry,IL,Davenport,107500
Rock Island,IL,Davenport,102400
Greene,OH,Dayton,152800
Rhea,TN,Dayton,121800
Flagler,FL,Daytona Beach,196400
Volusia,FL,Daytona Beach,167400
Beauregard,LA,De Ridder,135100
Adams,IN,Decatur,101300
Morgan,AL,Decatur,112800
Defiance,OH,Defiance,105400
Adams,CO,Denver,284000
Arapahoe,CO,Denver,330600
Broomfield,CO,Denver,387800
Clear Creek,CO,Denver,285500
Denver,CO,Denver,369800
Douglas,CO,Denver,440700
Elbert,CO,Denver,440900
Jefferson,CO,Denver,376400
Park,CO,Denver,253100
Dallas,IA,Des Moines,206500
Livingston,MI,Detroit,239400
Macomb,MI,Detroit,152900
Oakland,MI,Detroit,217000
Saint Clair,MI,Detroit,141900
Wayne,MI,Detroit,69200
Stark,ND,Dickinson,199600
Coffee,GA,Douglas,90700
Kent,DE,Dover,175500
Laurens,GA,Dublin,92300
Saint Louis,MN,Duluth,131400
Harnett,NC,Dunn,157900
La Plata,CO,Durango,338800
Bryan,OK,Durant,109900
Chatham,NC,Durham,255800
Durham,NC,Durham,186200
Orange,NC,Durham,268400
Dyer,TN,Dyersburg,79000
Maverick,TX,Eagle Pass,111800
Talbot,MD,Easton,277400
Eau Claire,WI,Eau Claire,157700
Eagle,CO,Edwards,643400
Effingham,IL,Effingham,126900
Wharton,TX,El Campo,122100
Imperial,CA,El Centro,188400
El Paso,TX,El Paso,112200
Hardin,KY,Elizabethtown,134400
Meade,KY,Elizabethtown,117800
Elkhart,IN,Elkhart,129500
Elko,NV,Elko,224400
Chemung,NY,Elmira,87800
Garfield,OK,Enid,119800
Erie,PA,Erie,120000
Lane,OR,Eugene,244100
Humboldt,CA,Eureka,283200
Henderson,KY,Evansville,126000
Posey,IN,Evansville,118500
Vanderburgh,IN,Evansville,105200
Warrick,IN,Evansville,147800
Fairbanks North Star,AK,Fairbanks,215500
Cass,ND,Fargo,224300
Clay,MN,Fargo,179400
Rice,MN,Faribault,202400
Cumberland,NC,Fayetteville,114600
Hoke,NC,Fayetteville,146300
Washington,AR,Fayetteville,160200
Lyon,NV,Fernley,202000
Hancock,OH,Findlay,132300
Coconino,AZ,Flagstaff,320800
Genesee,MI,Flint,91800
Colbert,AL,Florence,104000
Florence,SC,Florence,118800
Fond du Lac,WI,Fond du Lac,133200
Larimer,CO,Fort Collins,335300
Pulaski,MO,Fort Leonard Wood,136700
Lee,FL,Fort Myers,224400
Vernon,LA,Fort Polk South,142700
Crawford,AR,Fort Smith,109700
LeFlore,OK,Fort Smith,81700
Allen,IN,Fort Wayne,110100
Wells,IN,Fort Wayne,114000
Whitley,IN,Fort Wayne,127700
Clinton,IN,Frankfort,92900
Fresno,CA,Fresno,217400
Etowah,AL,Gadsden,100200
Alachua,FL,Gainesville,161000
Hall,GA,Gainesville,163600
Knox,IL,Galesburg,71900
McKinley,NM,Gallup,125400
Finney,KS,Garden City,136900
Douglas,NV,Gardnerville Ranchos,362300
Georgetown,SC,Georgetown,214100
Metcalfe,KY,Glasgow,91600
Warren,NY,Glens Falls,197300
Washington,NY,Glens Falls,129700
Garfield,CO,Glenwood Springs,352900
Fulton,NY,Gloversville,116900
Mesa,CO,Grand Junction,199200
Barry,MI,Grand Rapids,148000
Kent,MI,Grand Rapids,164100
Montcalm,MI,Grand Rapids,96700
Ottawa,MI,Grand Rapids,184300
Josephine,OR,Grants Pass,233700
Cascade,MT,Great Falls,157800
Weld,CO,Greeley,268700
Brown,WI,Green Bay,158200
Greene,TN,Greeneville,87400
Franklin,MA,Greenfield Town,201800
Randolph,NC,Greensboro,123400
Decatur,IN,Greensburg,109600
Anderson,SC,Greenville,119800
Greenville,SC,Greenville,166600
Laurens,SC,Greenville,116300
Grenada,MS,Grenada,99500
Hancock,MS,Gulfport,126600
Harrison,MS,Gulfport,103800
Jackson,MS,Gulfport,109600
Washington,MD,Hagerstown,172100
Tangipahoa,LA,Hammond,147700
Kings,CA,Hanford,178500
Cumberland,PA,Harrisburg,183400
Dauphin,PA,Harrisburg,157000
Boone,AR,Harrison,114600
Harrisonburg City,VA,Harrisonburg,174000
Hartford,CT,Hartford,213600
Middlesex,CT,Hartford,254200
Tolland,CT,Hartford,216200
Forrest,MS,Hattiesburg,108700
Lamar,MS,Hattiesburg,149200
Perry,MS,Hattiesburg,108200
Vance,NC,Henderson,92500
Umatilla,OR,Hermiston-Pendleton,157800
Alexander,NC,Hickory,131100
Burke,NC,Hickory,109500
Catawba,NC,Hickory,111000
Hillsdale,MI,Hillsdale,119900
Hawaii,HI,Hilo,339800
Beaufort,SC,Hilton Head Island,287300
Allegan,MI,Holland,156900
Citrus,FL,Homosassa Springs,138200
Hood River,OR,Hood River,391500
Garland,AR,Hot Springs,134100
Lafourche,LA,Houma,135600
Terrebonne,LA,Houma,143500
Austin,TX,Houston,170800
Waller,TX,Houston,193600
Huntingdon,PA,Huntingdon,119500
Boyd,KY,Huntington,100400
Huntington,IN,Huntington,88700
Madison,AL,Huntsville,152700
Bonneville,ID,Idaho Falls,142700
Indiana,PA,Indiana,115600
Boone,IN,Indianapolis,193100
Brown,IN,Indianapolis,175700
Hamilton,IN,Indianapolis,225200
Hancock,IN,Indianapolis,148100
Hendricks,IN,Indianapolis,170300
Johnson,IN,Indianapolis,143500
Madison,IN,Indianapolis,74500
Marion,IN,Indianapolis,111600
Morgan,IN,Indianapolis,136400
Putnam,IN,Indianapolis,117100
Shelby,IN,Indianapolis,109900
Tompkins,NY,Ithaca,204800
Chester,TN,Jackson,105000
Copiah,MS,Jackson,84200
Hinds,MS,Jackson,79200
Jackson,MI,Jackson,118900
Jackson,OH,Jackson,85300
Madison,TN,Jackson,92200
Madison,MS,Jackson,187300
Teton,ID,Jackson,353600
Yazoo,MS,Jackson,84600
Clay,FL,Jacksonville,172200
Duval,FL,Jacksonville,151500
Morgan,IL,Jacksonville,86800
Nassau,FL,Jacksonville,234800
Saint Johns,FL,Jacksonville,282600
Stutsman,ND,Jamestown,161100
Rock,WI,Janesville,135200
Dubois,IN,Jasper,139200
Pike,IN,Jasper,68000
Jackson,GA,Jefferson,176200
Cole,MO,Jefferson City,127300
Wayne,GA,Jesup,106000
Carter,TN,Johnson City,111300
Washington,TN,Johnson City,130600
Craighead,AR,Jonesboro,120700
Jasper,MO,Joplin,82500
Juneau,AK,Juneau,319300
Maui,HI,Kahului,599200
Kalamazoo,MI,Kalamazoo,142800
Van Buren,MI,Kalamazoo,128500
Kankakee,IL,Kankakee,122500
Cass,MO,Kansas City,159800
Clay,MO,Kansas City,148700
Jackson,MO,Kansas City,116000
Johnson,KS,Kansas City,235100
Miami,KS,Kansas City,179000
Wyandotte,KS,Kansas City,79900
Kauai,HI,Kapaa,534100
Cheshire,NH,Keene,177500
Noble,IN,Kendallville,111900
Benton,WA,Kennewick,259300
Franklin,WA,Kennewick,183800
Ketchikan Gateway,AK,Ketchikan,232500
Monroe,FL,Key West,558300
Bell,TX,Killeen,119300
Coryell,TX,Killeen,90100
Lampasas,TX,Killeen,151200
Bristol City,VA,Kingsport,99600
Hawkins,TN,Kingsport,117100
Sullivan,TN,Kingsport,120600
Ulster,NY,Kingston,192300
Klamath,OR,Klamath Falls,151900
Blount,TN,Knoxville,146200
Campbell,TN,Knoxville,105600
Knox,TN,Knoxville,158000
Loudon,TN,Knoxville,153400
Roane,TN,Knoxville,130700
Union,TN,Knoxville,113600
Howard,IN,Kokomo,85200
La Crosse,WI,La Crosse,152300
Union,OR,La Grande,170600
Belknap,NH,Laconia,207000
Iberia,LA,Lafayette,93900
Benton,IN,Lafayette-West Lafayette,73400
Carroll,IN,Lafayette-West Lafayette,108500
Tippecanoe,IN,Lafayette-West Lafayette,130600
Calcasieu,LA,Lake Charles,162000
Columbia,FL,Lake City,120200
Mohave,AZ,Lake Havasu City,179600
Polk,FL,Lakeland,153800
Lancaster,PA,Lancaster,189800
Clinton,MI,Lansing,167700
Eaton,MI,Lansing,137500
Ingham,MI,Lansing,124200
Webb,TX,Laredo,118600
Dona Ana,NM,Las Cruces,136900
Clark,NV,Las Vegas,216400
Jasper,MS,Laurel,97200
Jones,MS,Laurel,104500
Douglas,KS,Lawrence,170500
Lawrence,TN,Lawrenceburg,95400
Laclede,MO,Lebanon,111500
Marshall,TN,Lewisburg,112600
Nez Perce,ID,Lewiston,179900
Fayette,KY,Lexington,160500
Jessamine,KY,Lexington,135000
Scott,KY,Lexington,178400
Allen,OH,Lima,92300
Lancaster,NE,Lincoln,156000
Faulkner,AR,Little Rock,136400
Pulaski,AR,Little Rock,121400
Saline,AR,Little Rock,142200
Clinton,PA,Lock Haven,139800
Cass,IN,Logansport,71900
Cowlitz,WA,Longview,162600
Gregg,TX,Longview,128100
Rusk,TX,Longview,114000
Los Angeles,CA,Los Angeles-Long Beach-Anaheim,552600
Orange,CA,Los Angeles-Long Beach-Anaheim,673800
Clark,IN,Louisville/Jefferson County,116500
Floyd,IN,Louisville/Jefferson County,154800
Harrison,IN,Louisville/Jefferson County,125100
Henry,KY,Louisville/Jefferson County,147300
Oldham,KY,Louisville/Jefferson County,269900
Scott,IN,Louisville/Jefferson County,87700
Shelby,KY,Louisville/Jefferson County,179100
Washington,IN,Louisville/Jefferson County,89800
Mason,MI,Ludington,120100
Amherst,VA,Lynchburg,146200
Bedford,VA,Lynchburg,173700
Campbell,VA,Lynchburg,148600
Lynchburg City,VA,Lynchburg,125700
McDonough,IL,Macomb,76200
Jones,GA,Macon,114500
Madera,CA,Madera,217500
Columbia,WI,Madison,173400
Dane,WI,Madison,242600
Jefferson,IN,Madison,109400
Hopkins,KY,Madisonville,98600
Franklin,NY,Malone,81300
Hillsborough,NH,Manchester,248900
Blue Earth,MN,Mankato,178900
Marinette,WI,Marinette,105700
Grant,IN,Marion,67200
Weakley,TN,Martin,76600
Henry,VA,Martinsville,80200
Pittsburg,OK,McAlester,90300
Warren,TN,McMinnville,81000
Jackson,OR,Medford,252600
Brevard,FL,Melbourne,179600
Benton,MS,Memphis,76500
DeSoto,MS,Memphis,136800
Fayette,TN,Memphis,168100
Marshall,MS,Memphis,75400
Shelby,TN,Memphis,109800
Tate,MS,Memphis,114500
Tipton,TN,Memphis,129000
Merced,CA,Merced,222000
Clarke,MS,Meridian,80400
Audrain,MO,Mexico,96600
Broward,FL,Miami-Fort Lauderdale,223600
Miami-Dade,FL,Miami-Fort Lauderdale,267600
Palm Beach,FL,Miami-Fort Lauderdale,250500
Bell,KY,Middlesborough,78300
Midland,TX,Midland,190200
Midland,MI,Midland,124900
Milwaukee,WI,Milwaukee,110900
Ozaukee,WI,Milwaukee,263700
Washington,WI,Milwaukee,226300
Waukesha,WI,Milwaukee,262200
Carver,MN,Minneapolis-St Paul,295600
Dakota,MN,Minneapolis-St Paul,254900
Hennepin,MN,Minneapolis-St Paul,249800
Ramsey,MN,Minneapolis-St Paul,223400
Scott,MN,Minneapolis-St Paul,283600
Washington,MN,Minneapolis-St Paul,265500
McHenry,ND,Minot,99600
Ward,ND,Minot,207400
Missoula,MT,Missoula,242400
Randolph,MO,Moberly,84200
Mobile,AL,Mobile,109900
Stanislaus,CA,Modesto,263000
Monroe,MI,Monroe,150100
Union,LA,Monroe,129600
Autauga,AL,Montgomery,129200
Montrose,CO,Montrose,205600
Carteret,NC,Morehead City,244000
Hamblen,TN,Morristown,110900
Jefferson,TN,Morristown,138900
Grant,WA,Moses Lake,134000
Colquitt,GA,Moultrie,82700
Skagit,WA,Mount Vernon,290600
Delaware,IN,Muncie,79800
Calloway,KY,Murray,138800
Muskegon,MI,Muskegon,109400
Brunswick,NC,Myrtle Beach,207500
Nacogdoches,TX,Nacogdoches,114900
Napa,CA,Napa,581600
Collier,FL,Naples,337000
Cheatham,TN,Nashville,162200
Davidson,TN,Nashville,222400
Dickson,TN,Nashville,139400
Hickman,TN,Nashville,120700
Macon,TN,Nashville,100900
Maury,TN,Nashville,153700
Robertson,TN,Nashville,168500
Rutherford,TN,Nashville,189500
Smith,TN,Nashville,118600
Sumner,TN,Nashville,196300
Trousdale,TN,Nashville,140400
Williamson,TN,Nashville,418200
Wilson,TN,Nashville,250900
Concordia,LA,Natchez,106200
Natchitoches,LA,Natchitoches,135300
Henry,IN,New Castle,72800
Lawrence,PA,New Castle,88600
New Haven,CT,New Haven,216800
New London,CT,New London,218400
Jefferson,LA,New Orleans,170900
Orleans,LA,New Orleans,172700
Plaquemines,LA,New Orleans,247900
Saint Bernard,LA,New Orleans,142600
Saint Charles,LA,New Orleans,192400
Saint John the Baptist,LA,New Orleans,120100
Saint Tammany,LA,New Orleans,187000
Tuscarawas,OH,New Philadelphia,117000
Bergen,NJ,New York,445900
Dutchess,NY,New York,250200
Essex,NJ,New York,362600
Hudson,NJ,New York,367900
Hunterdon,NJ,New York,373400
Kings,NY,New York,691800
Middlesex,NJ,New York,299600
Monmouth,NJ,New York,384000
Morris,NJ,New York,418300
Nassau,NY,New York,488300
New York,NY,New York,1250300
Ocean,NJ,New York,270900
Orange,NY,New York,218900
Passaic,NJ,New York,300600
Putnam,NY,New York,314300
Queens,NY,New York,484300
Richmond,NY,New York,454200
Rockland,NY,New York,408900
Somerset,NJ,New York,391800
Suffolk,NY,New York,373300
Sussex,NJ,New York,229200
Westchester,NY,New York,556900
Cocke,TN,Newport,69800
Berrien,MI,Niles,127800
Santa Cruz,AZ,Nogales,131300
Madison,NE,Norfolk,157400
Lincoln,NE,North Platte,143400
Manatee,FL,North Port-Sarasota-Bradenton,242200
Sarasota,FL,North Port-Sarasota-Bradenton,249600
Jennings,IN,North Vernon,100600
Island,WA,Oak Harbor,333000
Marion,FL,Ocala,132400
Cape May,NJ,Ocean City,343000
Davis,UT,Ogden,249100
Weber,UT,Ogden,186500
Venango,PA,Oil City,77300
Okeechobee,FL,Okeechobee,116700
Canadian,OK,Oklahoma City,151400
Logan,OK,Oklahoma City,130300
McClain,OK,Oklahoma City,155800
Cattaraugus,NY,Olean,72100
Thurston,WA,Olympia,261200
Douglas,NE,Omaha,149500
Pottawattamie,IA,Omaha,126200
Sarpy,NE,Omaha,184400
Washington,NE,Omaha,165400
Otsego,NY,Oneonta,122300
Saint Landry,LA,Opelousas,118500
Orangeburg,SC,Orangeburg,85000
Lake,FL,Orlando,186600
Orange,FL,Orlando,207100
Osceola,FL,Orlando,182300
Seminole,FL,Orlando,220600
Winnebago,WI,Oshkosh,153400
Adams,WA,Othello,136800
La Salle,IL,Ottawa,100400
Steele,MN,Owatonna,156200
Shiawassee,MI,Owosso,113000
Granville,NC,Oxford,145600
Lafayette,MS,Oxford,175600
Putnam,FL,Palatka,112200
Bay,FL,Panama City,184600
Gulf,FL,Panama City,166400
Greene,AR,Paragould,106300
Henry,TN,Paris,98500
Gila,AZ,Payson,183800
Escambia,FL,Pensacola,135500
Santa Rosa,FL,Pensacola,180400
Peoria,IL,Peoria,104400
Tazewell,IL,Peoria,120800
Miami,IN,Peru,75700
Bucks,PA,Philadelphia,302700
Burlington,NJ,Philadelphia,222400
Camden,NJ,Philadelphia,169100
Cecil,MD,Philadelphia,214300
Chester,PA,Philadelphia,326200
Delaware,PA,Philadelphia,191500
Gloucester,NJ,Philadelphia,197200
Montgomery,PA,Philadelphia,282400
New Castle,DE,Philadelphia,218900
Philadelphia,PA,Philadelphia,134100
Salem,NJ,Philadelphia,147400
Maricopa,AZ,Phoenix,237200
Pinal,AZ,Phoenix,175900
Pearl River,MS,Picayune,130300
Jefferson,AR,Pine Bluff,72200
Allegheny,PA,Pittsburgh,137000
Armstrong,PA,Pittsburgh,100900
Beaver,PA,Pittsburgh,131800
Butler,PA,Pittsburgh,201100
Fayette,PA,Pittsburgh,89000
Washington,PA,Pittsburgh,142800
Westmoreland,PA,Pittsburgh,127500
Berkshire,MA,Pittsfield,201400
Grant,WI,Platteville,125800
Clinton,NY,Plattsburgh,116700
Marshall,IN,Plymouth,124400
Clallam,WA,Port Angeles,238100
Calhoun,TX,Port Lavaca,121600
Martin,FL,Port St. Lucie,248200
Saint Lucie,FL,Port St. Lucie,186000
Clackamas,OR,Portland,380200
Clark,WA,Portland,299900
Columbia,OR,Portland,242700
Multnomah,OR,Portland,385300
Skamania,WA,Portland,253100
Washington,OR,Portland,370900
Yamhill,OR,Portland,264800
Scioto,OH,Portsmouth,76000
Schuylkill,PA,Pottsville,74600
Yavapai,AZ,Prescott,265300
Crook,OR,Prineville,224300
Bristol,MA,Providence,283400
Bristol,RI,Providence,327500
Kent,RI,Providence,212700
Newport,RI,Providence,378000
Providence,RI,Providence,218700
Washington,RI,Providence,340300
Utah,UT,Provo,252300
Pueblo,CO,Pueblo,136300
Charlotte,FL,Punta Gorda,204200
Racine,WI,Racine,152000
Franklin,NC,Raleigh,136000
Wake,NC,Raleigh,244100
Willacy,TX,Raymondville,59800
Berks,PA,Reading,166800
Tehama,CA,Red Bluff,173600
Shasta,CA,Redding,231600
Washoe,NV,Reno,305000
Madison,ID,Rexburg,173600
Caroline,VA,Richmond,178100
Chesterfield,VA,Richmond,215000
Goochland,VA,Richmond,313100
Hanover,VA,Richmond,248100
Henrico,VA,Richmond,212700
King William,VA,Richmond,189600
Richmond City,VA,Richmond,168700
Wayne,IN,Richmond,76500
Starr,TX,Rio Grande City,81500
Riverside,CA,Riverside,333100
San Bernardino,CA,Riverside,301600
Fremont,WY,Riverton,175200
Botetourt,VA,Roanoke,172000
Craig,VA,Roanoke,94700
Franklin,VA,Roanoke,179100
Roanoke,VA,Roanoke,169700
Roanoke City,VA,Roanoke,108400
Livingston,NY,Rochester,123900
Monroe,NY,Rochester,134500
Olmsted,MN,Rochester,193900
Ontario,NY,Rochester,151400
Orleans,NY,Rochester,89900
Boone,IL,Rockford,150400
Winnebago,IL,Rockford,98800
Nash,NC,Rocky Mount,119600
Phelps,MO,Rolla,120500
Floyd,GA,Rome,116500
Douglas,OR,Roseburg,163300
Pope,AR,Russellville,111500
Lincoln,LA,Ruston,173700
Rutland,VT,Rutland,153700
El Dorado,CA,Sacramento,412200
Placer,CA,Sacramento,437600
Sacramento,CA,Sacramento,320700
Yolo,CA,Sacramento,399100
Graham,AZ,Safford,140700
Saginaw,MI,Saginaw,75100
Marion,OR,Salem,229200
Polk,OR,Salem,243400
Saline,KS,Salina,105200
Monterey,CA,Salinas,498200
Wicomico,MD,Salisbury,133300
Worcester,MD,Salisbury,214400
Salt Lake,UT,Salt Lake City,256100
Tooele,UT,Salt Lake City,189900
Tom Green,TX,San Angelo,128800
Comal,TX,San Antonio,261100
Medina,TX,San Antonio,165200
Wilson,TX,San Antonio,215300
San Diego,CA,San Diego,530900
Alameda,CA,San Francisco,755900
Contra Costa,CA,San Francisco,562300
Marin,CA,San Francisco,1030700
San Francisco,CA,San Francisco,1148900
San Mateo,CA,San Francisco,1091400
San Benito,CA,San Jose,489600
Santa Clara,CA,San Jose,989900
San Luis Obispo,CA,San Luis Obispo,558500
Erie,OH,Sandusky,126900
Lee,NC,Sanford,122100
Santa Cruz,CA,Santa Cruz,736000
Santa Fe,NM,Santa Fe,298500
Santa Barbara,CA,Santa Maria-Santa Barbara,561000
Sonoma,CA,Santa Rosa,575600
Chatham,GA,Savannah,155400
Effingham,GA,Savannah,164600
Lackawanna,PA,Scranton,125500
Luzerne,PA,Scranton,105300
White,AR,Searcy,109200
King,WA,Seattle,512100
Pierce,WA,Seattle,287700
Snohomish,WA,Seattle,384200
Highlands,FL,Sebring,115200
Oconee,SC,Seneca,140900
Seneca,NY,Seneca Falls,103700
Sevier,TN,Sevierville,174000
Jackson,IN,Seymour,109200
Pottawatomie,OK,Shawnee,98000
Bedford,TN,Shelbyville,141900
Mason,WA,Shelton,233900
Bossier,LA,Shreveport,167800
Caddo,LA,Shreveport,102000
De Soto,LA,Shreveport,109000
Webster,LA,Shreveport,103700
Cochise,AZ,Sierra Vista,134600
Grant,NM,Silver City,131400
Cass,MI,South Bend,119800
Saint Joseph,IN,South Bend,101100
Spartanburg,SC,Spartanburg,124200
Spokane,WA,Spokane,195500
Stevens,WA,Spokane,171800
Clark,OH,Springfield,97900
Dallas,MO,Springfield,118600
Greene,MO,Springfield,118800
Hampden,MA,Springfield,186900
Hampshire,MA,Springfield,254600
Polk,MO,Springfield,131400
Sangamon,IL,Springfield,123400
Washington,UT,St. George,227800
Franklin,MO,St. Louis,107800
Jefferson,MO,St. Louis,145300
Lincoln,MO,St. Louis,162200
Macoupin,IL,St. Louis,77600
Saint Charles,MO,St. Louis,209900
Saint Clair,IL,St. Louis,94200
Saint Louis,MO,St. Louis,172900
Saint Louis City,MO,St. Louis,115500
Camden,GA,St. Marys,151800
Fairfield,CT,Stamford,399100
Oktibbeha,MS,Starkville,169900
Centre,PA,State College,222200
Bulloch,GA,Statesboro,136000
Augusta,VA,Staunton,205000
Staunton City,VA,Staunton,144500
Waynesboro City,VA,Staunton,144600
Routt,CO,Steamboat Springs,408600
Logan,CO,Sterling,127100
San Joaquin,CA,Stockton,301000
Saint Joseph,MI,Sturgis,114700
Chattooga,GA,Summerville,75200
Sumter,SC,Sumter,89400
Northumberland,PA,Sunbury,91500
Lassen,CA,Susanville,159300
Nolan,TX,Sweetwater,77000
Madison,NY,Syracuse,125100
Onondaga,NY,Syracuse,132100
Oswego,NY,Syracuse,94300
Cherokee,OK,Tahlequah,105100
Gadsden,FL,Tallahassee,83300
Leon,FL,Tallahassee,167200
Hernando,FL,Tampa,142100
Hillsborough,FL,Tampa,191400
Pasco,FL,Tampa,163200
Pinellas,FL,Tampa,189600
Clay,IN,Terre Haute,93500
Sullivan,IN,Terre Haute,62500
Vermillion,IN,Terre Haute,66500
Vigo,IN,Terre Haute,75900
Sumter,FL,The Villages,236100
Upson,GA,Thomaston,67500
Thomas,GA,Thomasville,105700
Tift,GA,Tifton,127500
Lucas,OH,Toledo,88200
Wood,OH,Toledo,138700
Shawnee,KS,Topeka,104400
Litchfield,CT,Torrington,226000
Mercer,NJ,Trenton,226700
Nevada,CA,Truckee,407300
Pima,AZ,Tucson,178000
Coffee,TN,Tullahoma,131100
Franklin,TN,Tullahoma,134300
Creek,OK,Tulsa,105700
Itawamba,MS,Tupelo,100200
Lee,MS,Tupelo,120200
Pontotoc,MS,Tupelo,98200
Pickens,AL,Tuscaloosa,108400
Tuscaloosa,AL,Tuscaloosa,128400
Jerome,ID,Twin Falls,132500
Twin Falls,ID,Twin Falls,152700
Mendocino,CA,Ukiah,366300
Obion,TN,Union City,65800
Honolulu,HI,Urban Honolulu,649900
Champaign,OH,Urbana,117400
Oneida,NY,Utica,116900
Uvalde,TX,Uvalde,108000
Lowndes,GA,Valdosta,121400
Solano,CA,Vallejo,383400
Ventura,CA,Ventura,550000
Wilbarger,TX,Vernon,84300
Indian River,FL,Vero Beach,186100
Warren,MS,Vicksburg,121700
Goliad,TX,Victoria,117100
Knox,IN,Vincennes,73400
Cumberland,NJ,Vineland,136600
Dukes,MA,Vineyard Haven,729700
Chesapeake City,VA,Virginia Beach,250600
Currituck,NC,Virginia Beach,249300
Gloucester,VA,Virginia Beach,207300
Hampton City,VA,Virginia Beach,155900
James City,VA,Virginia Beach,307700
Newport News City,VA,Virginia Beach,172100
Norfolk City,VA,Virginia Beach,174500
Poquoson City,VA,Virginia Beach,299600
Portsmouth City,VA,Virginia Beach,144300
Suffolk City,VA,Virginia Beach,223700
Virginia Beach City,VA,Virginia Beach,256200
York,VA,Virginia Beach,293600
Tulare,CA,Visalia,182800
Wabash,IN,Wabash,85500
Falls,TX,Waco,76600
Walla Walla,WA,Walla Walla,217100
Houston,GA,Warner Robins,110600
Peach,GA,Warner Robins,121800
Johnson,MO,Warrensburg,144700
Alexandria City,VA,Washington,512700
Arlington,VA,Washington,648700
Calvert,MD,Washington,301100
Charles,MD,Washington,278500
Culpeper,VA,Washington,273100
Daviess,IN,Washington,106100
District of Columbia,DC,Washington,540400
Fairfax,VA,Washington,521000
Fairfax City,VA,Washington,492500
Falls Church City,VA,Washington,703300
Fauquier,VA,Washington,348200
Frederick,MD,Washington,287700
Fredericksburg City,VA,Washington,309900
Loudoun,VA,Washington,467200
Manassas Park City,VA,Washington,268600
Montgomery,MD,Washington,431900
Prince Georges,MD,Washington,276900
Prince William,VA,Washington,343300
Spotsylvania,VA,Washington,228900
Stafford,VA,Washington,313200
Warren,VA,Washington,214400
Jefferson,NY,Watertown,140900
Ware,GA,Waycross,70900
Chelan,WA,Wenatchee,272300
Howell,MO,West Plains,116200
Walworth,WI,Whitewater,184300
Sedgwick,KS,Wichita,129900
Lycoming,PA,Williamsport,146700
Kandiyohi,MN,Willmar,158200
New Hanover,NC,Wilmington,203800
Pender,NC,Wilmington,213200
Wilson,NC,Wilson,121500
Frederick,VA,Winchester,231200
Winchester City,VA,Winchester,222600
Humboldt,NV,Winnemucca,187300
Winona,MN,Winona,140400
Davidson,NC,Winston-Salem,119500
Forsyth,NC,Winston-Salem,133400
Stokes,NC,Winston-Salem,126300
Wayne,OH,Wooster,136100
Windham,CT,Worcester,180500
Worcester,MA,Worcester,254200
Yakima,WA,Yakima,179300
York,PA,York,163100
Mahoning,OH,Youngstown,74500
Mercer,PA,Youngstown,108800
Trumbull,OH,Youngstown,82500
Sutter,CA,Yuba City,251900
Yuba,CA,Yuba City,231900
Yuma,AZ,Yuma,135400
Adams,ND,,86700
Addison,VT,,241300
Alger,MI,,142300
Amador,CA,,268800
Assumption,LA,,132800
Avery,NC,,148400
Avoyelles,LA,,112600
Bamberg,SC,,71300
Beaverhead,MT,,139800
Benewah,ID,,162600
Benton,TN,,68800
Bienville,LA,,93100
Blackford,IN,,62700
Blaine,OK,,75000
Boundary,ID,,213500
Brooks,TX,,65700
Brown,KS,,72900
Burnet,TX,,201800
Burnett,WI,,148800
Calaveras,CA,,271700
Caldwell,LA,,80100
Caledonia,VT,,155600
Camp,TX,,115100
Caroline,MD,,169600
Carroll,NH,,220300
Carroll,TN,,62300
Catahoula,LA,,82600
Chaffee,CO,,335200
Cherokee,NC,,140500
Chickasaw,MS,,69900
Claiborne,TN,,89700
Claiborne,LA,,88400
Clay,MS,,82700
Clearwater,ID,,203200
Cleburne,AR,,135100
Cleburne,AL,,111800
Colleton,SC,,118600
Colusa,CA,,205700
Comanche,TX,,73400
Covington,AL,,95800
Crawford,MO,,113000
Crawford,IN,,73500
Cumberland,KY,,93300
Dallas,AR,,60300
De Witt,TX,,94200
Delta,CO,,177800
Delta,TX,,65700
Dickey,ND,,79800
Dickinson,KS,,95500
Early,GA,,80200
Emmet,MI,,184800
Emmons,ND,,139100
Essex,NY,,165000
Fayette,TX,,169100
Fentress,TN,,103300
Fountain,IN,,76200
Franklin,IN,,120800
Franklin,GA,,120100
Franklin,LA,,76800
Franklin,TX,,147500
Freestone,TX,,94500
Frio,TX,,96000
Fulton,IN,,91400
Garrett,MD,,139300
George,MS,,128400
Gibson,TN,,65000
Gibson,IN,,101000
Gilmer,GA,,182200
Grand,CO,,257900
Grant,MN,,109100
Greene,IN,,74600
Greene,MS,,107700
Guilford,NC,,133200
Hamilton,TX,,91700
Hardin,TN,,72600
Harney,OR,,101000
Haskell,TX,,68100
Highland,OH,,94200
Hill,TX,,81600
Humphreys,TN,,97800
Humphreys,MS,,68800
Inyo,CA,,295500
Jackson,FL,,85800
Jackson,LA,,106900
Jasper,TX,,85800
Jay,IN,,71900
Jefferson,PA,,96300
Jefferson,WA,,321400
Jefferson,OK,,52500
Jefferson Davis,MS,,89300
Johnson,NE,,96500
Kenai Peninsula,AK,,216400
Kent,MD,,188500
King George,VA,,255900
Kodiak Island,AK,,274800
La Paz,AZ,,125100
La Salle,LA,,78200
Lagrange,IN,,136400
Lamoille,VT,,220900
Latimer,OK,,83300
Lauderdale,TN,,70200
Lavaca,TX,,86200
Lawrence,MS,,92700
Lewis,NY,,119900
Lewis,ID,,165300
Lincoln,TN,,93700
Livingston,MO,,89300
Llano,TX,,216500
Lumpkin,GA,,203600
Macon,GA,,66700
Madison,LA,,113600
Madison,MT,,224700
Marion,MS,,103600
Mariposa,CA,,245100
Marshall,KY,,125800
Martin,IN,,72700
Mayes,OK,,120700
McIntosh,OK,,111800
McLean,ND,,121200
McNairy,TN,,73300
Middlesex,VA,,246700
Mitchell,TX,,76600
Monroe,TN,,129100
Monroe,MS,,80100
Montezuma,CO,,201100
Nantucket,MA,,1407600
Neshoba,MS,,109000
Newton,MS,,102300
Oceana,MI,,94600
Orange,VA,,191800
Orange,IN,,77800
Ouray,CO,,354100
Panola,MS,,91800
Panola,TX,,130200
Parke,IN,,80500
Perry,IN,,95100
Perry,MO,,114600
Plumas,CA,,215600
Polk,TX,,127600
Polk,WI,,165000
Preble,OH,,109200
Prentiss,MS,,71800
Pulaski,IN,,84100
Putnam,OH,,135300
Ramsey,ND,,83800
Randolph,IN,,62600
Red River,TX,,133000
Red River,LA,,91900
Richardson,NE,,67800
Richland,LA,,80000
Ripley,IN,,114600
Runnels,TX,,92000
Rush,IN,,88300
Sabine,TX,,271300
San Jacinto,TX,,124500
San Juan,WA,,464800
Sanders,MT,,113800
Scott,MS,,120200
Shenandoah,VA,,184200
Siskiyou,CA,,191800
Smith,MS,,98200
Smyth,VA,,99300
Spencer,IN,,106300
Starke,IN,,95600
Stone,MS,,125600
Switzerland,IN,,95000
Tensas,LA,,135200
Tillamook,OR,,290700
Tioga,PA,,124300
Tippah,MS,,100200
Tipton,IN,,106500
Tishomingo,MS,,100900
Traverse,MN,,62900
Tuscola,MI,,90100
Union,MS,,153500
Union,GA,,179200
Van Zandt,TX,,120600
Vernon,WI,,140900
Vilas,WI,,192700
Walthall,MS,,104700
Ward,TX,,100500
Warren,IN,,82200
Webster,MS,,87200
West Carroll,LA,,84100
Westmoreland,VA,,192700
White,GA,,141600
White,TN,,106500
Wilcox,GA,,87600
Williams,OH,,93700
Winn,LA,,83600
Wythe,VA,,120600
Yalobusha,MS,,80900
Young,TX,,93500
Zavala,TX,,65200
